voucher_date,voucher_type,voucher_number,ledger_name,party_ledger_name,debit,credit,narration,reference_number,cost_centre,gstin,voucher_guid
2025-12-26,Sales,SAL/2025-26/00063,Sales,,,"68,400.00",Sales order INV-B2B-0141,INV-B2B-0141,B2B,,guid_TgvSKoABz2l45rj2m7PI
2026-01-02,Sales,SAL/2025-26/00001,Sales,,,"1,382.99",Sales order order_avMfzrEyZkT5QM,order_avMfzrEyZkT5QM,Own Store,,guid_vF15EeYQXAO4Bj7RcamK
2026-01-02,Sales,SAL/2025-26/00002,Sales,,,"3,618.00",Sales order order_eFTLHh2OK3TtLU,order_eFTLHh2OK3TtLU,Own Store,,guid_JuSoAMNdMnGbG5sWim90
2026-01-02,Sales,SAL/2025-26/00003,Sales,,,"20,163.00",Sales order order_A3PPphEb8EVXwt,order_A3PPphEb8EVXwt,Own Store,,guid_0HlGOBD4nVljmZnofS2J
2026-01-03,Journal,JNL/2025-26/00001,Bank Charges,RAZORPAY,96.40,,"MDR, GST and TDS 194-O on setl_HRSXpatxfVb1gq",HDFCN26010300001,Own Store,,guid_KOG2Ncwm9qu2sLq6s1Q5
2026-01-03,Journal,JNL/2025-26/00001,GST Input,RAZORPAY,17.35,,"MDR, GST and TDS 194-O on setl_HRSXpatxfVb1gq",HDFCN26010300001,Own Store,,guid_ENDyISqnwZ4KenMJysGN
2026-01-03,Journal,JNL/2025-26/00001,TDS Receivable,RAZORPAY,25.16,,"MDR, GST and TDS 194-O on setl_HRSXpatxfVb1gq",HDFCN26010300001,Own Store,,guid_h9G6n5UDBXmvJi3cFo7X
2026-01-03,Receipt,RCP/2025-26/00001,HDFC Bank 4471,RAZORPAY,"25,025.08",,Settlement setl_HRSXpatxfVb1gq / 3 orders / UTR HDFCN26010300001,HDFCN26010300001,Own Store,,guid_ig5ewYUee35gfEdtDyen
2026-01-04,Payment,PAY/2025-26/00001,Packing Material,SHREE PACKAGING LLP,"1,48,600.00",,NEFT DR-SHREE PACKAGING LLP-INV/SP/2026/0418,,,,guid_2l0EZyN2vS9OR8yICHlI
2026-01-05,Receipt,RCP/2025-26/00028,HDFC Bank 4471,PINELABS,"68,420.50",,POS counter settlement TID PL40218881,PL40218881,Retail Counter,,guid_9AcL9Ke5X6pFNdHVKvno
2026-01-05,Sales,SAL/2025-26/00004,Sales,,,"4,501.99",Sales order order_XqmjnNUF7uFATt,order_XqmjnNUF7uFATt,Own Store,,guid_mzR2XZMSrZhZxVO8leLq
2026-01-05,Sales,SAL/2025-26/00005,Sales,,,"21,700.99",Sales order order_PN7wPubhgqRPGL,order_PN7wPubhgqRPGL,Own Store,,guid_lhDjpHjhuLPIFvHNUOfh
2026-01-05,Sales,SAL/2025-26/00064,Sales,,,"1,56,300.00",Sales order INV-B2B-0147,INV-B2B-0147,B2B,,guid_jfIBVc1t1k99MbxjKAPw
2026-01-06,Journal,JNL/2025-26/00002,Bank Charges,RAZORPAY,524.06,,"MDR, GST and TDS 194-O on setl_tXYtTV0xmkZj1k",HDFCN26010600002,Own Store,,guid_ENQuUWkfgiD0lPMUHrje
2026-01-06,Journal,JNL/2025-26/00002,GST Input,RAZORPAY,94.33,,"MDR, GST and TDS 194-O on setl_tXYtTV0xmkZj1k",HDFCN26010600002,Own Store,,guid_iMGCEy2JuTzwLRsEuXk0
2026-01-06,Journal,JNL/2025-26/00002,TDS Receivable,RAZORPAY,26.20,,"MDR, GST and TDS 194-O on setl_tXYtTV0xmkZj1k",HDFCN26010600002,Own Store,,guid_Z0yL1RfkRlXAaradrsYG
2026-01-06,Receipt,RCP/2025-26/00002,HDFC Bank 4471,RAZORPAY,"25,558.39",,Settlement setl_tXYtTV0xmkZj1k / 2 orders / UTR HDFCN26010600002,HDFCN26010600002,Own Store,,guid_gUunEm7qbDQnloqlOyA4
2026-01-07,Sales,SAL/2025-26/00057,Sales,,,"1,84,320.00",Sales order BLI/SETL/260109,BLI/SETL/260109,Blinkit,,guid_GT3XAllq51ISysTQtvBK
2026-01-08,Payment,PAY/2025-26/00002,Salaries,STAFF,"4,86,500.00",,NACH DR-LUMEA SALARY BATCH JAN26-NPCI,,,,guid_4AvZY0G4p5WuMLx0jguj
2026-01-09,Journal,JNL/2025-26/00025,Marketplace Commission,BLINKIT,"33,177.60",,"Commission, GST and TCS on BLI/SETL/260109",BLI/SETL/260109,Blinkit,,guid_lJ5W9R4PeMZSJCtKX4yR
2026-01-09,Journal,JNL/2025-26/00025,GST Input,BLINKIT,"5,971.97",,"Commission, GST and TCS on BLI/SETL/260109",BLI/SETL/260109,Blinkit,,guid_Jlb7EU9loSjqPJkQGNUa
2026-01-09,Journal,JNL/2025-26/00025,TCS Receivable,BLINKIT,921.60,,"Commission, GST and TCS on BLI/SETL/260109",BLI/SETL/260109,Blinkit,,guid_vlCSQA8uETXhHiTWSAXe
2026-01-09,Receipt,RCP/2025-26/00022,HDFC Bank 4471,BLINKIT,"1,44,248.83",,Marketplace settlement BLI/SETL/260109,BLI/SETL/260109,Blinkit,,guid_0qeFEVTen7omT8aUGYL7
2026-01-09,Sales,SAL/2025-26/00006,Sales,,,"16,000.50",Sales order order_JoFMOPMxKyOdpE,order_JoFMOPMxKyOdpE,Own Store,,guid_mh3xeAoALOtAC5vSaC3G
2026-01-09,Sales,SAL/2025-26/00007,Sales,,,"28,448.50",Sales order order_GG1e7iCRcDsJs5,order_GG1e7iCRcDsJs5,Own Store,,guid_tKnPeIH2WcZhVeAEPn3U
2026-01-09,Sales,SAL/2025-26/00008,Sales,,,"8,871.99",Sales order order_Fkn0A0QmSK86hI,order_Fkn0A0QmSK86hI,Own Store,,guid_QBkBeIeAQbQMl6CdxLZY
2026-01-10,Journal,JNL/2025-26/00003,TDS Receivable,RAZORPAY,53.32,,"MDR, GST and TDS 194-O on setl_ZY9VqUWsFOzj7u",HDFCN26011000003,Own Store,,guid_jppMpLKaZv2Xdmf5VZ8U
2026-01-11,Payment,PAY/2025-26/00003,Rent,VARDHMAN ESTATES,"92,000.00",,RTGS DR-VARDHMAN ESTATES-RENT JAN 2026,,,,guid_aznS5aUVPoQYEyv3oY8S
2026-01-11,Receipt,RCP/2025-26/00003,HDFC Bank 4471,RAZORPAY,"53,267.67",,Settlement setl_ZY9VqUWsFOzj7u / 3 orders / UTR HDFCN26011000003,HDFCN26011000003,Own Store,,guid_pjNtMyXSHicq7Ubgs71V
2026-01-11,Sales,SAL/2025-26/00065,Sales,,,"1,12,750.00",Sales order INV-B2B-0152,INV-B2B-0152,B2B,,guid_EWI1xBwmz4Pq4GcxEy7W
2026-01-13,Payment,PAY/2025-26/00004,Rates and Taxes,INDORE MUNICIPAL CORP,"12,500.00",,NEFT DR-INDORE MUNICIPAL CORP-TRADE LICENCE,,,,guid_guYQ0iE5hoR4xUjzfg2U
2026-01-13,Sales,SAL/2025-26/00009,Sales,,,"4,372.00",Sales order order_x3WxBEncdTIAzO,order_x3WxBEncdTIAzO,Own Store,,guid_LJCEKI3LKhyhv3CoI4WH
2026-01-13,Sales,SAL/2025-26/00010,Sales,,,"13,696.99",Sales order order_eDh0rGBmf9vf8F,order_eDh0rGBmf9vf8F,Own Store,,guid_o8Clya5S3E00bNpq55z3
2026-01-13,Sales,SAL/2025-26/00011,Sales,,,"10,317.00",Sales order order_QzHrsFC1uYQMJ3,order_QzHrsFC1uYQMJ3,Own Store,,guid_9EdSKdTkXcEhG8VzfPHD
2026-01-14,Journal,JNL/2025-26/00004,Bank Charges,RAZORPAY,361.38,,"MDR, GST and TDS 194-O on setl_WSK4VvtIqO44MR",HDFCN26011400004,Own Store,,guid_2tTpaAcpv2DHcgXeHqRv
2026-01-14,Journal,JNL/2025-26/00004,GST Input,RAZORPAY,65.05,,"MDR, GST and TDS 194-O on setl_WSK4VvtIqO44MR",HDFCN26011400004,Own Store,,guid_Uo7kumCNhMn92NsLKSWg
2026-01-14,Journal,JNL/2025-26/00004,TDS Receivable,RAZORPAY,28.39,,"MDR, GST and TDS 194-O on setl_WSK4VvtIqO44MR",HDFCN26011400004,Own Store,,guid_eJ3Gu83BTdxVsqQ3Y3yL
2026-01-14,Receipt,RCP/2025-26/00004,HDFC Bank 4471,RAZORPAY,"27,931.17",,Settlement setl_WSK4VvtIqO44MR / 3 orders / UTR HDFCN26011400004,HDFCN26011400004,Own Store,,guid_cECL8626C9yuCEeFEtyL
2026-01-15,Receipt,RCP/2025-26/00036,HDFC Bank 4471,SALON HUB RETAIL PVT LTD,"68,400.00",,Receipt against INV-B2B-0141,INV-B2B-0141,B2B,,guid_bCdtDWIujrHSqQeveqC4
2026-01-16,Receipt,RCP/2025-26/00029,HDFC Bank 4471,PINELABS,"51,290.00",,POS counter settlement TID PL40218892,PL40218892,Retail Counter,,guid_yCXZHwkbsB20sNwl5SgA
2026-01-16,Sales,SAL/2025-26/00013,Sales,,,"14,946.00",Sales order order_ml6DtfSteoJjwB,order_ml6DtfSteoJjwB,Own Store,,guid_R1y8eVpiL2ttYEGFoeUO
2026-01-17,Payment,PAY/2025-26/00005,Purchases,AROMA NATURALS PVT LTD,"2,74,300.00",,NEFT DR-AROMA NATURALS PVT LTD-INV/AN/8871,,,,guid_jxtfwcTsvNf0QylScy5C
2026-01-17,Sales,SAL/2025-26/00012,Sales,,,"2,467.00",Sales order order_HYMTKtMZjsMuVj,order_HYMTKtMZjsMuVj,Own Store,,guid_9KrqNm3Q0Z707LGAyyu7
2026-01-18,Journal,JNL/2025-26/00005,Bank Charges,RAZORPAY,49.34,,"MDR, GST and TDS 194-O on setl_m9IUncfVV20Vjl",HDFCN26011800005,Own Store,,guid_dG3ba86EBr4bBpvpN9m3
2026-01-18,Journal,JNL/2025-26/00005,GST Input,RAZORPAY,8.88,,"MDR, GST and TDS 194-O on setl_m9IUncfVV20Vjl",HDFCN26011800005,Own Store,,guid_LnjE2KitCXYUcHf6aUGf
2026-01-18,Journal,JNL/2025-26/00005,TDS Receivable,RAZORPAY,17.41,,"MDR, GST and TDS 194-O on setl_m9IUncfVV20Vjl",HDFCN26011800005,Own Store,,guid_BJjiA6C5EqesAQ9s9gtA
2026-01-18,Receipt,RCP/2025-26/00005,HDFC Bank 4471,RAZORPAY,"17,337.37",,Settlement setl_m9IUncfVV20Vjl / 2 orders / UTR HDFCN26011800005,HDFCN26011800005,Own Store,,guid_lOHkDFa4JyJ4Gvz5RZgL
2026-01-19,Payment,PAY/2025-26/00006,Insurance,BAJAJ ALLIANZ,"34,700.00",,ACH DR-BAJAJ ALLIANZ GEN INS-POLICY 0328841,,,,guid_lCn5r1r1oLE9wzXRgyN3
2026-01-20,Receipt,RCP/2025-26/00045,HDFC Bank 4471,RAZORPAY,"17,337.37",,Settlement setl_m9IUncfVV20Vjl / re-entered,HDFCN26011800005,Own Store,,guid_Tz7aVqHDO0tHXLPtR1Dj
2026-01-21,Payment,PAY/2025-26/00007,GST Payable,GST DEPT,"1,28,740.00",,GST PMT-06 CHALLAN 26011234567890-JAN26,,,,guid_kdiA87H2EVpmxLWVvQ3G
2026-01-21,Sales,SAL/2025-26/00014,Sales,,,"3,122.00",Sales order order_PXgY0JVQMwEjPQ,order_PXgY0JVQMwEjPQ,Own Store,,guid_NwHBcbnC6NwLKqsrW7cO
2026-01-21,Sales,SAL/2025-26/00015,Sales,,,"2,435.99",Sales order order_GgMFsj4DKaibag,order_GgMFsj4DKaibag,Own Store,,guid_OWxPiaXRzJDCkgVlPQKT
2026-01-21,Sales,SAL/2025-26/00016,Sales,,,"31,807.00",Sales order order_WXo8tclFTD3O4Q,order_WXo8tclFTD3O4Q,Own Store,,guid_UDq6cuqVotuELahfDHi9
2026-01-21,Sales,SAL/2025-26/00058,Sales,,,"96,450.00",Sales order ZEP/SETL/260123,ZEP/SETL/260123,Zepto,,guid_Nq6MCBSiLrQT3Qq1hcqi
2026-01-22,Credit Note,CN/2025-26/00001,Sales Return,,"31,807.00",,Refund against order order_WXo8tclFTD3O4Q,order_WXo8tclFTD3O4Q,Own Store,,guid_lLu28xC6VdFDhBlAO2vu
2026-01-22,Journal,JNL/2025-26/00006,Bank Charges,RAZORPAY,912.21,,"MDR, GST and TDS 194-O on setl_epdkBIalrHhO6C",HDFCN26012200006,Own Store,,guid_GR8k1Z2Vc5n80hSvn8gD
2026-01-22,Journal,JNL/2025-26/00006,GST Input,RAZORPAY,164.20,,"MDR, GST and TDS 194-O on setl_epdkBIalrHhO6C",HDFCN26012200006,Own Store,,guid_np2ylcf83czuQJZPdD0q
2026-01-22,Journal,JNL/2025-26/00006,TDS Receivable,RAZORPAY,37.36,,"MDR, GST and TDS 194-O on setl_epdkBIalrHhO6C",HDFCN26012200006,Own Store,,guid_vcYrjKlfdFPKwRLhw3JP
2026-01-22,Receipt,RCP/2025-26/00006,HDFC Bank 4471,RAZORPAY,"4,444.22",,Settlement setl_epdkBIalrHhO6C / 3 orders / UTR HDFCN26012200006,HDFCN26012200006,Own Store,,guid_cj9lsdCPPURiKV77DejH
2026-01-23,Journal,JNL/2025-26/00026,Marketplace Commission,ZEPTO,"21,219.00",,"Commission, GST and TCS on ZEP/SETL/260123",ZEP/SETL/260123,Zepto,,guid_XqLLNSjdZnzR5UWowZn7
2026-01-23,Journal,JNL/2025-26/00026,GST Input,ZEPTO,"3,819.42",,"Commission, GST and TCS on ZEP/SETL/260123",ZEP/SETL/260123,Zepto,,guid_XzkEbdjUTNMTNW82sBvD
2026-01-23,Journal,JNL/2025-26/00026,TCS Receivable,ZEPTO,482.25,,"Commission, GST and TCS on ZEP/SETL/260123",ZEP/SETL/260123,Zepto,,guid_KAJ9BJHCp9DSgDrHexxg
2026-01-23,Receipt,RCP/2025-26/00023,HDFC Bank 4471,ZEPTO,"70,929.33",,Marketplace settlement ZEP/SETL/260123,ZEP/SETL/260123,Zepto,,guid_mXoZnDUJhfSm9UOIoqxv
2026-01-24,Payment,PAY/2025-26/00008,Advertising,META PLATFORMS,"2,16,800.00",,NEFT DR-META PLATFORMS IRELAND-ADS JAN26,,,,guid_Hj2aKmq4z3NyJgGezj1J
2026-01-24,Sales,SAL/2025-26/00017,Sales,,,"6,341.99",Sales order order_udoAZPytTRg7s5,order_udoAZPytTRg7s5,Own Store,,guid_FhOT5KLSXnS3c5ogIEIG
2026-01-24,Sales,SAL/2025-26/00066,Sales,,,"88,900.00",Sales order INV-B2B-0159,INV-B2B-0159,B2B,,guid_PRPBUdfzsAfstii7z0o2
2026-01-25,Receipt,RCP/2025-26/00037,HDFC Bank 4471,AYUR WELLNESS DISTRIBUTORS,"1,56,300.00",,Receipt against INV-B2B-0147,INV-B2B-0147,B2B,,guid_dTYJ1nTAU6VsDqGvSsHQ
2026-01-25,Sales,SAL/2025-26/00018,Sales,,,"4,045.50",Sales order order_Czvg90Bp7irdUv,order_Czvg90Bp7irdUv,Own Store,,guid_1ElZcOuJhn3vea60cUFs
2026-01-25,Sales,SAL/2025-26/00019,Sales,,,"44,623.50",Sales order order_88ilFkbuAKgXVS,order_88ilFkbuAKgXVS,Own Store,,guid_AIjpmX68RRmsjHdPRFvK
2026-01-26,Journal,JNL/2025-26/00007,Bank Charges,RAZORPAY,178.33,,"MDR, GST and TDS 194-O on setl_2jDFZ7bi0QZrnj",HDFCN26012600007,Own Store,,guid_eaCAnokn4gIAQitcLkge
2026-01-26,Journal,JNL/2025-26/00007,GST Input,RAZORPAY,32.09,,"MDR, GST and TDS 194-O on setl_2jDFZ7bi0QZrnj",HDFCN26012600007,Own Store,,guid_k6cu6HspJHFnXkguuxZu
2026-01-26,Journal,JNL/2025-26/00007,TDS Receivable,RAZORPAY,55.01,,"MDR, GST and TDS 194-O on setl_2jDFZ7bi0QZrnj",HDFCN26012600007,Own Store,,guid_9RyvPOwIQ5FpQRDh4iSp
2026-01-26,Receipt,RCP/2025-26/00007,HDFC Bank 4471,RAZORPAY,"54,745.56",,Settlement setl_2jDFZ7bi0QZrnj / 3 orders / UTR HDFCN26012600007,HDFCN26012600007,Own Store,,guid_2C6x8ry5pkZYIGvjiR3q
2026-01-27,Payment,PAY/2025-26/00009,Electricity,MPPKVVCL,"18,640.00",,ACH DR-MPPKVVCL ELECTRICITY-CA 1204887,,,,guid_wwyXLlfCZ93rLmrRjOsJ
2026-01-28,Receipt,RCP/2025-26/00030,HDFC Bank 4471,PINELABS,"74,180.25",,POS counter settlement TID PL40218904,PL40218904,Retail Counter,,guid_m51SZT91t9GotChgadcj
2026-01-28,Sales,SAL/2025-26/00020,Sales,,,"11,880.00",Sales order order_psXmPOR0ISHLvu,order_psXmPOR0ISHLvu,Own Store,,guid_2e7oM47fHbX9GEErAqyl
2026-01-29,Payment,PAY/2025-26/00010,TDS Payable,INCOME TAX DEPT,"21,460.00",,TDS PAYMENT CHALLAN 26010012345-194C JAN26,,,,guid_V9Plq85mMiuTLXJxalKn
2026-01-29,Sales,SAL/2025-26/00021,Sales,,,"2,634.99",Sales order order_sHgX36GySMqB7a,order_sHgX36GySMqB7a,Own Store,,guid_g0R6upI5eKWbp5kt6PrA
2026-01-31,Receipt,RCP/2025-26/00038,HDFC Bank 4471,GLOW STUDIO CHAIN LLP,"1,12,750.00",,Receipt against INV-B2B-0152,INV-B2B-0152,B2B,,guid_gHLwxqbffne8xlptzHkR
2026-02-02,Sales,SAL/2025-26/00022,Sales,,,"2,731.50",Sales order order_eSxuKB70M7y0ju,order_eSxuKB70M7y0ju,Own Store,,guid_UbiicgMxy0j9CcD6MTHB
2026-02-02,Sales,SAL/2025-26/00023,Sales,,,"10,246.00",Sales order order_7MuRqdWWuXTEoK,order_7MuRqdWWuXTEoK,Own Store,,guid_R9GLUdBzQPusWOyzjQTj
2026-02-03,Journal,JNL/2025-26/00008,Bank Charges,RAZORPAY,215.84,,"MDR, GST and TDS 194-O on setl_PS2GDMtGZCGcd2",HDFCN26020300009,Own Store,,guid_gSNqgjYIjSPmIjQyr3t8
2026-02-03,Journal,JNL/2025-26/00008,GST Input,RAZORPAY,38.85,,"MDR, GST and TDS 194-O on setl_PS2GDMtGZCGcd2",HDFCN26020300009,Own Store,,guid_s0ZvpIWNFX3SJCRv4EU0
2026-02-03,Journal,JNL/2025-26/00008,TDS Receivable,RAZORPAY,12.98,,"MDR, GST and TDS 194-O on setl_PS2GDMtGZCGcd2",HDFCN26020300009,Own Store,,guid_YnfmpPJma02GkFqc6yDd
2026-02-03,Receipt,RCP/2025-26/00008,HDFC Bank 4471,RAZORPAY,"12,709.83",,Settlement setl_PS2GDMtGZCGcd2 / 2 orders / UTR HDFCN26020300009,HDFCN26020300009,Own Store,,guid_PJJZ08hxHwZKFe4b4cbt
2026-02-04,Payment,PAY/2025-26/00011,Salaries,STAFF,"4,86,500.00",,NACH DR-LUMEA SALARY BATCH FEB26-NPCI,,,,guid_Ubfc6YQPIyYhsm0YkLOd
2026-02-04,Sales,SAL/2025-26/00059,Sales,,,"2,11,870.00",Sales order BLI/SETL/260206,BLI/SETL/260206,Blinkit,,guid_RqnpIgk8zk4ljMvf6G5d
2026-02-05,Sales,SAL/2025-26/00025,Sales,,,"3,464.00",Sales order order_JRd7s7B078LQ3L,order_JRd7s7B078LQ3L,Own Store,,guid_mXiu1GIqjWme3FeqfMSD
2026-02-06,Journal,JNL/2025-26/00027,Marketplace Commission,BLINKIT,"38,136.60",,"Commission, GST and TCS on BLI/SETL/260206",BLI/SETL/260206,Blinkit,,guid_6lcsYkSSAwsKsHi9Rcm5
2026-02-06,Journal,JNL/2025-26/00027,GST Input,BLINKIT,"6,864.59",,"Commission, GST and TCS on BLI/SETL/260206",BLI/SETL/260206,Blinkit,,guid_1ScQfYSa2WUbvzebpTxC
2026-02-06,Journal,JNL/2025-26/00027,TCS Receivable,BLINKIT,"1,059.35",,"Commission, GST and TCS on BLI/SETL/260206",BLI/SETL/260206,Blinkit,,guid_upkzFYJtzz0VJrrIcdwf
2026-02-06,Payment,PAY/2025-26/00012,Packing Material,SHREE PACKAGING LLP,"1,32,450.00",,NEFT DR-SHREE PACKAGING LLP-INV/SP/2026/0503,,,,guid_aWl2J9uc5hDY9icGhAth
2026-02-06,Receipt,RCP/2025-26/00024,HDFC Bank 4471,BLINKIT,"1,65,809.46",,Marketplace settlement BLI/SETL/260206,BLI/SETL/260206,Blinkit,,guid_Sr543uj9h613v9KbuPmJ
2026-02-06,Sales,SAL/2025-26/00024,Sales,,,"46,878.50",Sales order order_tkI9MW1m62CqY0,order_tkI9MW1m62CqY0,Own Store,,guid_L32T3JqfQsxyT7ME1WGQ
2026-02-06,Sales,SAL/2025-26/00067,Sales,,,"74,900.00",Sales order INV-B2B-0168,INV-B2B-0168,B2B,,guid_ApYcNlFfqIQnS8cqGqII
2026-02-07,Journal,JNL/2025-26/00009,Chargeback Suspense,RAZORPAY,"46,878.50",,Chargeback raised on order order_tkI9MW1m62CqY0,disp_HHP7dCVGhfId1H,Own Store,,guid_7tKEFzxYkjGzcleBJitA
2026-02-07,Journal,JNL/2025-26/00009,Razorpay Clearing,RAZORPAY,,"46,878.50",Chargeback raised on order order_tkI9MW1m62CqY0,disp_HHP7dCVGhfId1H,Own Store,,guid_i7hgkTPkCpvf2Mq31B3K
2026-02-07,Journal,JNL/2025-26/00010,Bank Charges,RAZORPAY,69.28,,"MDR, GST and TDS 194-O on setl_UNJp4YhZS0VC1L",HDFCN26020700010,Own Store,,guid_GVlFLUs3vGRBqvsO7vcb
2026-02-07,Journal,JNL/2025-26/00010,GST Input,RAZORPAY,12.47,,"MDR, GST and TDS 194-O on setl_UNJp4YhZS0VC1L",HDFCN26020700010,Own Store,,guid_2IBq6geUzwLjdrqLKeQ8
2026-02-07,Journal,JNL/2025-26/00010,TDS Receivable,RAZORPAY,50.34,,"MDR, GST and TDS 194-O on setl_UNJp4YhZS0VC1L",HDFCN26020700010,Own Store,,guid_J9krvm7zhlEeBLgDqHXG
2026-02-07,Receipt,RCP/2025-26/00009,HDFC Bank 4471,RAZORPAY,"3,331.91",,Settlement setl_UNJp4YhZS0VC1L / 2 orders / UTR HDFCN26020700010,HDFCN26020700010,Own Store,,guid_GS73Elt6pNFRjDsLbET1
2026-02-08,Receipt,RCP/2025-26/00031,HDFC Bank 4471,PINELABS,"62,940.00",,POS counter settlement TID PL40218915,PL40218915,Retail Counter,,guid_PbLZ6Y6I8XlamXKJnXij
2026-02-09,Payment,PAY/2025-26/00013,Rent,VARDHMAN ESTATES,"92,000.00",,RTGS DR-VARDHMAN ESTATES-RENT FEB 2026,,,,guid_izEtaOwtgHTtMPXJqwrp
2026-02-10,Sales,SAL/2025-26/00026,Sales,,,"31,014.50",Sales order order_wn3gwjOW2JPVhm,order_wn3gwjOW2JPVhm,Own Store,,guid_q3qBCj6Cdj9A6zi9RRJV
2026-02-10,Sales,SAL/2025-26/00027,Sales,,,"2,336.00",Sales order order_I8mDv0lr2EofM4,order_I8mDv0lr2EofM4,Own Store,,guid_zb0gaKqBO9iuFumzepi9
2026-02-11,Journal,JNL/2025-26/00011,Bank Charges,RAZORPAY,46.72,,"MDR, GST and TDS 194-O on setl_bPFHXV0YqrJhRj",HDFCN26021100011,Own Store,,guid_oBb0Bbj8DgvKADQZBdCp
2026-02-11,Journal,JNL/2025-26/00011,GST Input,RAZORPAY,8.41,,"MDR, GST and TDS 194-O on setl_bPFHXV0YqrJhRj",HDFCN26021100011,Own Store,,guid_MtShEzzSQDd4EWWWY3ml
2026-02-11,Journal,JNL/2025-26/00011,TDS Receivable,RAZORPAY,33.35,,"MDR, GST and TDS 194-O on setl_bPFHXV0YqrJhRj",HDFCN26021100011,Own Store,,guid_kBwzccJGmjtZgKfU4ASc
2026-02-11,Receipt,RCP/2025-26/00010,HDFC Bank 4471,RAZORPAY,"33,262.02",,Settlement setl_bPFHXV0YqrJhRj / 2 orders / UTR HDFCN26021100011,HDFCN26021100011,Own Store,,guid_TzBQ0VjEPl1NH8Tilenf
2026-02-12,Payment,PAY/2025-26/00014,Freight Outward,DELHIVERY LIMITED,"87,310.00",,NEFT DR-DELHIVERY LIMITED-INV/DL/22841,,,,guid_2Bvf5KG5s56ViRCargr2
2026-02-13,Receipt,RCP/2025-26/00039,HDFC Bank 4471,SHRINGAR RETAIL LLP,"88,900.00",,Receipt against INV-B2B-0159,INV-B2B-0159,B2B,,guid_siVn77sEzw5Sq1urma55
2026-02-13,Sales,SAL/2025-26/00028,Sales,,,"20,316.00",Sales order order_4zsIK54AuFNpUQ,order_4zsIK54AuFNpUQ,Own Store,,guid_XMk5mDqewaAOumlSqy6m
2026-02-14,Sales,SAL/2025-26/00029,Sales,,,"44,743.00",Sales order order_SgnmvY3JMrpfAP,order_SgnmvY3JMrpfAP,Own Store,,guid_xeyrc6ICaaRySuEcTCe3
2026-02-14,Sales,SAL/2025-26/00030,Sales,,,"7,720.00",Sales order order_YmzsokGoiLKaPP,order_YmzsokGoiLKaPP,Own Store,,guid_oO4eNGOmwj2iDnhjjkQG
2026-02-15,Journal,JNL/2025-26/00012,Bank Charges,RAZORPAY,154.40,,"MDR, GST and TDS 194-O on setl_oYvHgvJSyfS1no",HDFCN26021500012,Own Store,,guid_j962w2a0bKOiKPtrMjLD
2026-02-15,Journal,JNL/2025-26/00012,GST Input,RAZORPAY,27.79,,"MDR, GST and TDS 194-O on setl_oYvHgvJSyfS1no",HDFCN26021500012,Own Store,,guid_OoplK33aoP6LxOz2lIX5
2026-02-15,Journal,JNL/2025-26/00012,TDS Receivable,RAZORPAY,72.78,,"MDR, GST and TDS 194-O on setl_oYvHgvJSyfS1no",HDFCN26021500012,Own Store,,guid_sLCpesxJqNFXVV7wXFrz
2026-02-15,Receipt,RCP/2025-26/00011,HDFC Bank 4471,RAZORPAY,"72,524.03",,Settlement setl_oYvHgvJSyfS1no / 3 orders / UTR HDFCN26021500012,HDFCN26021500012,Own Store,,guid_WUvOCJoRzTe29LXnmq0D
2026-02-17,Payment,PAY/2025-26/00015,GST Payable,GST DEPT,"1,41,220.00",,GST PMT-06 CHALLAN 26021234598765-FEB26,,,,guid_TLEtw57wcWut67GTfEHD
2026-02-17,Sales,SAL/2025-26/00033,Sales,,,"28,375.00",Sales order order_kL4KkHYqSjARpC,order_kL4KkHYqSjARpC,Own Store,,guid_b6kIO8PzTH4ZfvqBN5Mv
2026-02-17,Sales,SAL/2025-26/00068,Sales,,,"1,34,500.00",Sales order INV-B2B-0174,INV-B2B-0174,B2B,,guid_6CD1qx568jssdB4PZhf2
2026-02-18,Sales,SAL/2025-26/00031,Sales,,,"28,375.00",Sales order order_9ZZ33eT54KLC7g,order_9ZZ33eT54KLC7g,Own Store,,guid_UMsOnwkZL9CdVArPNp65
2026-02-18,Sales,SAL/2025-26/00032,Sales,,,"14,625.00",Sales order order_I5MIesupTS0pxX,order_I5MIesupTS0pxX,Own Store,,guid_XaW2cHcxI4N9DCtVYNnC
2026-02-18,Sales,SAL/2025-26/00034,Sales,,,"14,625.00",Sales order order_eu86VbYPVUSSlf,order_eu86VbYPVUSSlf,Own Store,,guid_IZhsWYUaf6g5Gtkacerv
2026-02-18,Sales,SAL/2025-26/00060,Sales,,,"1,42,300.00",Sales order ZEP/SETL/260220,ZEP/SETL/260220,Zepto,,guid_QnvCdA7hjQSv3OolDJoq
2026-02-19,Journal,JNL/2025-26/00013,TDS Receivable,RAZORPAY,43.00,,"MDR, GST and TDS 194-O on setl_CuZnTiYClxMNdd",HDFCN26021900013,Own Store,,guid_HppRvO7cmMeiKuDUug8N
2026-02-19,Journal,JNL/2025-26/00014,TDS Receivable,RAZORPAY,43.00,,"MDR, GST and TDS 194-O on setl_uFrwUwzrXpFW78",HDFCN26021900014,Own Store,,guid_BbKCr3U7oZCmvqANQvGS
2026-02-19,Receipt,RCP/2025-26/00012,HDFC Bank 4471,RAZORPAY,"42,957.00",,Settlement setl_CuZnTiYClxMNdd / 2 orders / UTR HDFCN26021900013,HDFCN26021900013,Own Store,,guid_1YoeGiUNdY600DAArbae
2026-02-19,Receipt,RCP/2025-26/00013,HDFC Bank 4471,RAZORPAY,"42,957.00",,Settlement setl_uFrwUwzrXpFW78 / 2 orders / UTR HDFCN26021900014,HDFCN26021900014,Own Store,,guid_LLeZGpMdKJLF30NgscJ9
2026-02-20,Journal,JNL/2025-26/00028,Marketplace Commission,ZEPTO,"31,306.00",,"Commission, GST and TCS on ZEP/SETL/260220",ZEP/SETL/260220,Zepto,,guid_TKpP8umkl48HiclePd7p
2026-02-20,Journal,JNL/2025-26/00028,GST Input,ZEPTO,"5,635.08",,"Commission, GST and TCS on ZEP/SETL/260220",ZEP/SETL/260220,Zepto,,guid_3FgpDaLAQhGzF3Zr7k0b
2026-02-20,Journal,JNL/2025-26/00028,TCS Receivable,ZEPTO,711.50,,"Commission, GST and TCS on ZEP/SETL/260220",ZEP/SETL/260220,Zepto,,guid_4lj11OKLsBudm0fKVhEP
2026-02-20,Payment,PAY/2025-26/00016,Advertising,GOOGLE INDIA,"1,74,900.00",,NEFT DR-GOOGLE INDIA PVT LTD-ADS FEB26,,,,guid_BvBchQsJLEYFI7pc8axE
2026-02-20,Receipt,RCP/2025-26/00025,HDFC Bank 4471,ZEPTO,"1,04,647.42",,Marketplace settlement ZEP/SETL/260220,ZEP/SETL/260220,Zepto,,guid_jGo8YVlvZ5MJtioBdABv
2026-02-21,Receipt,RCP/2025-26/00032,HDFC Bank 4471,PINELABS,"88,310.75",,POS counter settlement TID PL40218928,PL40218928,Retail Counter,,guid_5QkrmkMv0oEWdHMwMJFX
2026-02-21,Sales,SAL/2025-26/00035,Sales,,,"53,705.00",Sales order order_zzrrQtaMqFw1xu,order_zzrrQtaMqFw1xu,Own Store,,guid_0vrFNOiBPfPmlq20tcGC
2026-02-21,Sales,SAL/2025-26/00036,Sales,,,"38,711.00",Sales order order_RmoPHxN7eFr6uG,order_RmoPHxN7eFr6uG,Own Store,,guid_x5zqexdk94e7JC789gie
2026-02-22,Payment,PAY/2025-26/00017,Electricity,MPPKVVCL,"20,180.00",,ACH DR-MPPKVVCL ELECTRICITY-CA 1204887,,,,guid_APTW8KbkWbCm5TjFpjVv
2026-02-22,Sales,SAL/2025-26/00037,Sales,,,"14,433.99",Sales order order_O3KMX0QOMaQOd8,order_O3KMX0QOMaQOd8,Own Store,,guid_6rykDgPGNSv3MWsC8z51
2026-02-23,Journal,JNL/2025-26/00015,Bank Charges,RAZORPAY,"2,044.59",,"MDR, GST and TDS 194-O on setl_5h6OXHQZf23NhU",HDFCN26022300015,Own Store,,guid_i5n1YZBb9Lll1ZBwdao8
2026-02-23,Journal,JNL/2025-26/00015,GST Input,RAZORPAY,368.02,,"MDR, GST and TDS 194-O on setl_5h6OXHQZf23NhU",HDFCN26022300015,Own Store,,guid_DOcIb1QNxyC21tBSqW38
2026-02-23,Journal,JNL/2025-26/00015,TDS Receivable,RAZORPAY,106.85,,"MDR, GST and TDS 194-O on setl_5h6OXHQZf23NhU",HDFCN26022300015,Own Store,,guid_JwpnrXMFmWYAMJs1y1DN
2026-02-23,Receipt,RCP/2025-26/00014,HDFC Bank 4471,RAZORPAY,"1,04,330.53",,Settlement setl_5h6OXHQZf23NhU / 3 orders / UTR HDFCN26022300015,HDFCN26022300015,Own Store,,guid_PeEd1PgAMwoO0vJJigsa
2026-02-25,Payment,PAY/2025-26/00018,Purchases,AROMA NATURALS PVT LTD,"1,98,750.00",,NEFT DR-AROMA NATURALS PVT LTD-INV/AN/8902,,,,guid_Zbm6UMTSdcI7HE6FEvXn
2026-02-25,Receipt,RCP/2025-26/00044,HDFC Bank 4471,RAZORPAY,"41,890.00",,Settlement setl_QzT4mKpR8vNb21 / manual entry as per WhatsApp msg,setl_QzT4mKpR8vNb21,Own Store,,guid_u45d9G7cFQCgUym5ti3L
2026-02-25,Sales,SAL/2025-26/00040,Sales,,,"14,669.50",Sales order order_kX94YvN9JO3p93,order_kX94YvN9JO3p93,Own Store,,guid_xskEjBxO5CncBdLNTM17
2026-02-26,Receipt,RCP/2025-26/00040,HDFC Bank 4471,SALON HUB RETAIL PVT LTD,"74,900.00",,Receipt against INV-B2B-0168,INV-B2B-0168,B2B,,guid_hfb8wFarnju9A7ljxTwP
2026-02-26,Sales,SAL/2025-26/00038,Sales,,,"15,264.00",Sales order order_OATODw3MqZN6Sp,order_OATODw3MqZN6Sp,Own Store,,guid_aEOIg95A4Ag3uwrP7kSu
2026-02-26,Sales,SAL/2025-26/00039,Sales,,,"2,337.00",Sales order order_bFoe2NielyvOQt,order_bFoe2NielyvOQt,Own Store,,guid_IZyreS8Pp8yFZPbJnFUw
2026-02-27,Journal,JNL/2025-26/00016,Bank Charges,RAZORPAY,582.01,,"MDR, GST and TDS 194-O on setl_0qojvksDVuw3k3",HDFCN26022700016,Own Store,,guid_roARwelX6bXDHC8qjC7w
2026-02-27,Journal,JNL/2025-26/00016,GST Input,RAZORPAY,104.76,,"MDR, GST and TDS 194-O on setl_0qojvksDVuw3k3",HDFCN26022700016,Own Store,,guid_7gZIfquqM0m226iw8dsn
2026-02-27,Journal,JNL/2025-26/00016,TDS Receivable,RAZORPAY,32.27,,"MDR, GST and TDS 194-O on setl_0qojvksDVuw3k3",HDFCN26022700016,Own Store,,guid_oxmYmsjKAOdpBgGOb6JH
2026-02-27,Receipt,RCP/2025-26/00015,HDFC Bank 4471,RAZORPAY,"31,551.46",,Settlement setl_0qojvksDVuw3k3 / 3 orders / UTR HDFCN26022700016,HDFCN26022700016,Own Store,,guid_6jV0KPvNA0KLWmlxHFzr
2026-02-27,Sales,SAL/2025-26/00069,Sales,,,"93,250.00",Sales order INV-B2B-0181,INV-B2B-0181,B2B,,guid_Heu6SlapCIKyqtlMIaQF
2026-02-28,Payment,PAY/2025-26/00019,TDS Payable,INCOME TAX DEPT,"19,870.00",,TDS PAYMENT CHALLAN 26020012987-194C FEB26,,,,guid_g3PeO7RcD6BkaF6sjAnO
2026-03-01,Sales,SAL/2025-26/00041,Sales,,,"39,515.00",Sales order order_R4GjC8cEPKGkG9,order_R4GjC8cEPKGkG9,Own Store,,guid_cN6zDJg0swpbv9bPyNHm
2026-03-02,Sales,SAL/2025-26/00042,Sales,,,"50,725.00",Sales order order_fka7r2kOxOdPNe,order_fka7r2kOxOdPNe,Own Store,,guid_dax4RDHwQC60LVD3Dt75
2026-03-03,Journal,JNL/2025-26/00017,Bank Charges,RAZORPAY,"1,804.80",,"MDR, GST and TDS 194-O on setl_mmYENc2Kz2eQv4",HDFCN26030300017,Own Store,,guid_zgDzGktRAuLiRZzRkips
2026-03-03,Journal,JNL/2025-26/00017,GST Input,RAZORPAY,324.86,,"MDR, GST and TDS 194-O on setl_mmYENc2Kz2eQv4",HDFCN26030300017,Own Store,,guid_7yQRSDrpgEWPSPlEVwwT
2026-03-03,Journal,JNL/2025-26/00017,TDS Receivable,RAZORPAY,90.24,,"MDR, GST and TDS 194-O on setl_mmYENc2Kz2eQv4",HDFCN26030300017,Own Store,,guid_8Hg4mJa6z8c6kzTkaMCY
2026-03-03,Receipt,RCP/2025-26/00016,HDFC Bank 4471,RAZORPAY,"90,240.00",,Settlement setl_mmYENc2Kz2eQv4 / 2 orders / UTR HDFCN26030300017,HDFCN26030300017,Own Store,,guid_g3zfZkzJ3DPX0OuBbwyU
2026-03-04,Receipt,RCP/2025-26/00033,HDFC Bank 4471,PINELABS,"57,620.00",,POS counter settlement TID PL40218939,PL40218939,Retail Counter,,guid_mVfSdCR3kJoXpX9TWoo0
2026-03-04,Sales,SAL/2025-26/00061,Sales,,,"1,68,940.00",Sales order BLI/SETL/260306,BLI/SETL/260306,Blinkit,,guid_CVckfDalh6zSd5omlXtz
2026-03-05,Payment,PAY/2025-26/00020,Salaries,STAFF,"5,01,200.00",,NACH DR-LUMEA SALARY BATCH MAR26-NPCI,,,,guid_9X1CsWGIkwXqMzNXDzqH
2026-03-05,Sales,SAL/2025-26/00043,Sales,,,"3,415.00",Sales order order_6wId409lXOptWk,order_6wId409lXOptWk,Own Store,,guid_wncTYpiF0gNAqMdRaRUS
2026-03-06,Journal,JNL/2025-26/00029,Marketplace Commission,BLINKIT,"30,409.20",,"Commission, GST and TCS on BLI/SETL/260306",BLI/SETL/260306,Blinkit,,guid_IoC5St3z6glGQOsfuu3x
2026-03-06,Journal,JNL/2025-26/00029,GST Input,BLINKIT,"5,473.66",,"Commission, GST and TCS on BLI/SETL/260306",BLI/SETL/260306,Blinkit,,guid_WvHEJnYFDbYQYpgWq3ng
2026-03-06,Journal,JNL/2025-26/00029,TCS Receivable,BLINKIT,844.70,,"Commission, GST and TCS on BLI/SETL/260306",BLI/SETL/260306,Blinkit,,guid_BNDmfC6rxJJTaoiKoZIW
2026-03-06,Payment,PAY/2025-26/00021,Packing Material,KRISHNA LABELS,"46,800.00",,NEFT DR-KRISHNA LABELS AND PRINT-INV/KL/1194,,,,guid_QvxEqM2Dvf5ENUzb9vPA
2026-03-06,Receipt,RCP/2025-26/00026,HDFC Bank 4471,BLINKIT,"1,32,212.44",,Marketplace settlement BLI/SETL/260306,BLI/SETL/260306,Blinkit,,guid_tBsOlgnNMa4MmxhdA0hz
2026-03-06,Sales,SAL/2025-26/00044,Sales,,,"2,606.00",Sales order order_rEY9aZpWAPQuUB,order_rEY9aZpWAPQuUB,Own Store,,guid_C7N0m6w7wP8Im9Rr6zTl
2026-03-07,Journal,JNL/2025-26/00018,TDS Receivable,RAZORPAY,6.02,,"MDR, GST and TDS 194-O on setl_iEqnb1TRDbM6lt",HDFCN26030700018,Own Store,,guid_DWHi7tii9E5q4LGxNLO3
2026-03-07,Receipt,RCP/2025-26/00017,HDFC Bank 4471,RAZORPAY,"3,408.98",,Settlement setl_iEqnb1TRDbM6lt / 2 orders / UTR HDFCN26030700018,HDFCN26030700018,Own Store,,guid_pupIQEE5AZq5Av6pyaUt
2026-03-08,Payment,PAY/2025-26/00022,Rent,VARDHMAN ESTATES,"92,000.00",,RTGS DR-VARDHMAN ESTATES-RENT MAR 2026,,,,guid_5fbXX0Kbcz6cq5AT4mz0
2026-03-09,Receipt,RCP/2025-26/00041,HDFC Bank 4471,AYUR WELLNESS DISTRIBUTORS,"1,34,500.00",,Receipt against INV-B2B-0174,INV-B2B-0174,B2B,,guid_vwAl89NwUwHrsG4cfMyS
2026-03-09,Sales,SAL/2025-26/00046,Sales,,,"14,599.00",Sales order order_tXDLPyde0i7TNt,order_tXDLPyde0i7TNt,Own Store,,guid_bOdXr2fjknXY0NOMt6Kr
2026-03-09,Sales,SAL/2025-26/00070,Sales,,,"1,02,600.00",Sales order INV-B2B-0188,INV-B2B-0188,B2B,,guid_IgwHT81ruKD6eNEOB3ZZ
2026-03-10,Payment,PAY/2025-26/00023,Freight Outward,DELHIVERY LIMITED,"94,180.00",,NEFT DR-DELHIVERY LIMITED-INV/DL/23197,,,,guid_jM9EFsPywnnmeECmOVBH
2026-03-10,Sales,SAL/2025-26/00045,Sales,,,"2,426.00",Sales order order_MYLtWs99jTZUeN,order_MYLtWs99jTZUeN,Own Store,,guid_oEnHNdyI7wyqXbXQLfCX
2026-03-10,Sales,SAL/2025-26/00047,Sales,,,"19,284.00",Sales order order_EJlgx1aMiBl4A4,order_EJlgx1aMiBl4A4,Own Store,,guid_1iTUuiehwxcsHWQuCmDP
2026-03-10,Sales,SAL/2025-26/00048,Sales,,,"20,439.00",Sales order order_f3eHQoMyitIPfK,order_f3eHQoMyitIPfK,Own Store,,guid_2wq9ef0EcHCEX0Ltpk1D
2026-03-11,Journal,JNL/2025-26/00019,Bank Charges,RAZORPAY,338.07,,"MDR, GST and TDS 194-O on setl_dn4tT0bvTejuU7",HDFCN26031100019,Own Store,,guid_syDUXLY6adl3cofpcMnH
2026-03-11,Journal,JNL/2025-26/00019,GST Input,RAZORPAY,60.86,,"MDR, GST and TDS 194-O on setl_dn4tT0bvTejuU7",HDFCN26031100019,Own Store,,guid_t1p6hn263pcoeMl7f9pp
2026-03-11,Journal,JNL/2025-26/00019,TDS Receivable,RAZORPAY,17.02,,"MDR, GST and TDS 194-O on setl_dn4tT0bvTejuU7",HDFCN26031100019,Own Store,,guid_bfXzWXK3mUg5YzGJEytw
2026-03-11,Journal,JNL/2025-26/00020,Bank Charges,RAZORPAY,693.42,,"MDR, GST and TDS 194-O on setl_V7gMclIMIrNOVf",HDFCN26031100020,Own Store,,guid_J8UYr17imbNOaLqVbbWa
2026-03-11,Journal,JNL/2025-26/00020,GST Input,RAZORPAY,124.81,,"MDR, GST and TDS 194-O on setl_V7gMclIMIrNOVf",HDFCN26031100020,Own Store,,guid_uDYfro3FHYkSwdTfPCXL
2026-03-11,Journal,JNL/2025-26/00020,TDS Receivable,RAZORPAY,39.72,,"MDR, GST and TDS 194-O on setl_V7gMclIMIrNOVf",HDFCN26031100020,Own Store,,guid_hKaYODWZsFsx3pxyCcfs
2026-03-11,Receipt,RCP/2025-26/00018,HDFC Bank 4471,RAZORPAY,"55,474.10",,Settlement consolidated 2 batches / UTR HDFCN26031100019,HDFCN26031100019,Own Store,,guid_MinHB18oegW9k2H7A42o
2026-03-13,Sales,SAL/2025-26/00051,Sales,,,"7,718.00",Sales order order_WInGFh3658f4Y9,order_WInGFh3658f4Y9,Own Store,,guid_1Z33hXXBGw1C5vBIQgdb
2026-03-14,Receipt,RCP/2025-26/00034,HDFC Bank 4471,PINELABS,"69,450.50",,POS counter settlement TID PL40218949,PL40218949,Retail Counter,,guid_EzTopN8sW10sfAVrTMYt
2026-03-14,Sales,SAL/2025-26/00049,Sales,,,"33,656.50",Sales order order_vSP0mL2mHJ47Hc,order_vSP0mL2mHJ47Hc,Own Store,,guid_Vl4pX6TPu0LOF2d1yVk0
2026-03-14,Sales,SAL/2025-26/00050,Sales,,,"3,670.50",Sales order order_MTU3E4zrCLSK51,order_MTU3E4zrCLSK51,Own Store,,guid_rZwgWLnewUE1ynI3dypK
2026-03-15,Journal,JNL/2025-26/00021,Bank Charges,RAZORPAY,673.13,,"MDR, GST and TDS 194-O on setl_fH7aqPJyvJrTp1",HDFCN26031500021,Own Store,,guid_1ETjIg2GzOvg582NrMiZ
2026-03-15,Journal,JNL/2025-26/00021,GST Input,RAZORPAY,121.16,,"MDR, GST and TDS 194-O on setl_fH7aqPJyvJrTp1",HDFCN26031500021,Own Store,,guid_h84HumaovMtXsGrQQRu4
2026-03-15,Journal,JNL/2025-26/00021,TDS Receivable,RAZORPAY,45.04,,"MDR, GST and TDS 194-O on setl_fH7aqPJyvJrTp1",HDFCN26031500021,Own Store,,guid_Z90Sz5dCMBvqXYmSZD1K
2026-03-15,Receipt,RCP/2025-26/00019,HDFC Bank 4471,RAZORPAY,"44,205.67",,Settlement setl_fH7aqPJyvJrTp1 / 3 orders / UTR HDFCN26031500021,HDFCN26031500021,Own Store,,guid_H5j9XTGhJR61fmKywcV0
2026-03-17,Sales,SAL/2025-26/00062,Sales,,,"1,19,760.00",Sales order ZEP/SETL/260319,ZEP/SETL/260319,Zepto,,guid_OLvrisqQ0subGuUoda7C
2026-03-18,Payment,PAY/2025-26/00024,GST Payable,GST DEPT,"1,56,880.00",,GST PMT-06 CHALLAN 26031234512345-MAR26,,,,guid_FINVrnFxmAapb4Q4RLw9
2026-03-18,Sales,SAL/2025-26/00052,Sales,,,"23,615.00",Sales order order_E9qOLhWW7aHOxq,order_E9qOLhWW7aHOxq,Own Store,,guid_L82KVcd6OlAyLI6kVFu4
2026-03-18,Sales,SAL/2025-26/00053,Sales,,,"27,629.00",Sales order order_U9OjqjgveKZe2o,order_U9OjqjgveKZe2o,Own Store,,guid_9PQZSaY8YQhyfiPJQLzg
2026-03-19,Journal,JNL/2025-26/00022,Chargeback Suspense,RAZORPAY,"23,615.00",,Chargeback raised on order order_E9qOLhWW7aHOxq,disp_a4IKGiqAP32Gry,Own Store,,guid_FSbrVz0h8pyM4GUgcdXM
2026-03-19,Journal,JNL/2025-26/00022,Razorpay Clearing,RAZORPAY,,"23,615.00",Chargeback raised on order order_E9qOLhWW7aHOxq,disp_a4IKGiqAP32Gry,Own Store,,guid_aTHTc9BHmUt0oJzbOy93
2026-03-19,Journal,JNL/2025-26/00023,TDS Receivable,RAZORPAY,51.24,,"MDR, GST and TDS 194-O on setl_tiyzmwh9RrJiIq",HDFCN26031900022,Own Store,,guid_ZndIGLjSWiTZVZI9W2Hm
2026-03-19,Journal,JNL/2025-26/00030,Marketplace Commission,ZEPTO,"26,347.20",,"Commission, GST and TCS on ZEP/SETL/260319",ZEP/SETL/260319,Zepto,,guid_Nc7Vk6mwLwbJZV1KoAOG
2026-03-19,Journal,JNL/2025-26/00030,GST Input,ZEPTO,"4,742.50",,"Commission, GST and TCS on ZEP/SETL/260319",ZEP/SETL/260319,Zepto,,guid_aXNLpLvNJFJdPpOro1as
2026-03-19,Journal,JNL/2025-26/00030,TCS Receivable,ZEPTO,598.80,,"Commission, GST and TCS on ZEP/SETL/260319",ZEP/SETL/260319,Zepto,,guid_lIAfN99Up4wpDemMvtF0
2026-03-19,Receipt,RCP/2025-26/00020,HDFC Bank 4471,RAZORPAY,"27,577.76",,Settlement setl_tiyzmwh9RrJiIq / 2 orders / UTR HDFCN26031900022,HDFCN26031900022,Own Store,,guid_xRzwIdg4BNXCFlnoRFSC
2026-03-19,Receipt,RCP/2025-26/00027,HDFC Bank 4471,ZEPTO,"88,071.50",,Marketplace settlement ZEP/SETL/260319,ZEP/SETL/260319,Zepto,,guid_reN38mkuGVQf9VL1UBPD
2026-03-19,Receipt,RCP/2025-26/00042,HDFC Bank 4471,URBAN SPA VENTURES,"93,250.00",,Receipt against INV-B2B-0181,INV-B2B-0181,B2B,,guid_cozhC2eIVx1Nrrf0K3J0
2026-03-19,Sales,SAL/2025-26/00071,Sales,,,"11,165.00",Sales order order_8UFr8mIUGdWTc5,order_8UFr8mIUGdWTc5,Own Store,,guid_yYEvGbDploolExK6flDD
2026-03-21,Payment,PAY/2025-26/00025,Advertising,META PLATFORMS,"2,32,400.00",,NEFT DR-META PLATFORMS IRELAND-ADS MAR26,,,,guid_XRTAJw3U6NOBDquNfSSf
2026-03-21,Sales,SAL/2025-26/00054,Sales,,,"30,194.50",Sales order order_jfCtPQ9etAvgpt,order_jfCtPQ9etAvgpt,Own Store,,guid_6MaKdVO22E4nzGR6jGeS
2026-03-21,Sales,SAL/2025-26/00055,Sales,,,"17,988.00",Sales order order_jDmgF6aTqYZa0Z,order_jDmgF6aTqYZa0Z,Own Store,,guid_AKFee4JNyxdU8aVgpP2Y
2026-03-21,Sales,SAL/2025-26/00056,Sales,,,"10,247.50",Sales order order_RGJJsC8Sb0cKqk,order_RGJJsC8Sb0cKqk,Own Store,,guid_pqUUPYg2CE2hgHp5F187
2026-03-23,Journal,JNL/2025-26/00024,Bank Charges,RAZORPAY,359.76,,"MDR, GST and TDS 194-O on setl_HHA4wJLIgvh0jm",HDFCN26032300023,Own Store,,guid_TgmtoiUrFABDmiXll6MT
2026-03-23,Journal,JNL/2025-26/00024,GST Input,RAZORPAY,64.76,,"MDR, GST and TDS 194-O on setl_HHA4wJLIgvh0jm",HDFCN26032300023,Own Store,,guid_1Ba0jFQvn3dNBPDPYVxD
2026-03-23,Journal,JNL/2025-26/00024,TDS Receivable,RAZORPAY,58.43,,"MDR, GST and TDS 194-O on setl_HHA4wJLIgvh0jm",HDFCN26032300023,Own Store,,guid_uzSOpsoMACaieUPI2QUB
2026-03-23,Receipt,RCP/2025-26/00021,HDFC Bank 4471,RAZORPAY,"57,947.05",,Settlement setl_HHA4wJLIgvh0jm / 3 orders / UTR HDFCN26032300023,HDFCN26032300023,Own Store,,guid_6PoefNY5KrQKVFP1cKgo
2026-03-25,Payment,PAY/2025-26/00026,Packing Material,SHREE PACKAGING LLP,"1,21,900.00",,NEFT DR-SHREE PACKAGING LLP-INV/SP/2026/0587,,,,guid_B8QDRdxEkwZgmPRtBrc7
2026-03-26,Receipt,RCP/2025-26/00035,HDFC Bank 4471,PINELABS,"80,115.00",,POS counter settlement TID PL40218961,PL40218961,Retail Counter,,guid_8QmUpXaZuuUWBXkfN61R
2026-03-28,Journal,JNL/2025-26/00031,Razorpay Clearing,RAZORPAY,"23,615.00",,Chargeback reversal on order_E9qOLhWW7aHOxq,HDFCN26032800024,Own Store,,guid_zRCuJCgbOd9dK4Elx0er
2026-03-28,Journal,JNL/2025-26/00031,Chargeback Suspense,RAZORPAY,,"23,615.00",Chargeback reversal on order_E9qOLhWW7aHOxq,HDFCN26032800024,Own Store,,guid_SqdXguWkfTChvb8x4IKq
2026-03-28,Payment,PAY/2025-26/00027,TDS Payable,INCOME TAX DEPT,"23,140.00",,TDS PAYMENT CHALLAN 26030013442-194C MAR26,,,,guid_kqVKnb2TUiaLvI6i1TPO
2026-03-28,Receipt,RCP/2025-26/00046,HDFC Bank 4471,RAZORPAY,"23,615.00",,Chargeback reversal credit / UTR HDFCN26032800024,HDFCN26032800024,Own Store,,guid_Dpr93cEBTKCs2rdDlycF
2026-03-29,Receipt,RCP/2025-26/00043,HDFC Bank 4471,SHRINGAR RETAIL LLP,"1,02,600.00",,Receipt against INV-B2B-0188,INV-B2B-0188,B2B,,guid_dP0vf4tvGkMyZ1d0xj4J
2026-03-30,Payment,PAY/2025-26/00028,Electricity,MPPKVVCL,"17,420.00",,ACH DR-MPPKVVCL ELECTRICITY-CA 1204887,,,,guid_dvjmCCtYntcWRpQptebi
